Workbook
Name door_frame: cena_dvere!$E$3
Name assembly: cena_dvere!$E$1
Name door_frame_sale: cena_dvere!$E$4
Name assembly_min: cena_dvere!$E$2

Sheet Hárok1
A1: STOLÁRSTVO | E1: MENO:
E2: TELEFÓN:
A3: SUČANSKÝ | E3: ADRESA:
E4: E-MAIL:
A5: CENOVÁ PONUKA INTERIÉROVÉ DVERE | E5: MATERIÁL:
A6: ROZMER | B6: MODEL | C6: MATERIÁL | D6: SKLO | E6: CENA / KS | F6: ZÁRUBEŇ | G6: KS | H6: CENA BEZ DPH
E7: =IFERROR(VLOOKUP(B7, cena_dvere!A:B, 2, FALSE), 0)+IF(A7<=69, 0,IF(A7<=79, 3,IF(A7<=89, 6, 9))) -> 0 | F7: Áno | H7: =IF(ISBLANK(B7),0, G7*E7+IF(F7="Áno", IF(B7="v1", door_frame_sale, door_frame), 0)) -> 0
E8: =IFERROR(VLOOKUP(B8, cena_dvere!A:B, 2, FALSE), 0)+IF(A8<=69, 0,IF(A8<=79, 3,IF(A8<=89, 6, 9))) -> 0 | F8: Áno | H8: =IF(ISBLANK(B8),0, G8*E8+IF(F8="Áno", IF(B8="v1", door_frame_sale, door_frame), 0)) -> 0
E9: =IFERROR(VLOOKUP(B9, cena_dvere!A:B, 2, FALSE), 0)+IF(A9<=69, 0,IF(A9<=79, 3,IF(A9<=89, 6, 9))) -> 0 | F9: Áno | H9: =IF(ISBLANK(B9),0, G9*E9+IF(F9="Áno", IF(B9="v1", door_frame_sale, door_frame), 0)) -> 0
E10: =IFERROR(VLOOKUP(B10, cena_dvere!A:B, 2, FALSE), 0)+IF(A10<=69, 0,IF(A10<=79, 3,IF(A10<=89, 6, 9))) -> 0 | F10: Áno | H10: =IF(ISBLANK(B10),0, G10*E10+IF(F10="Áno", IF(B10="v1", door_frame_sale, door_frame), 0)) -> 0
E11: =IFERROR(VLOOKUP(B11, cena_dvere!A:B, 2, FALSE), 0)+IF(A11<=69, 0,IF(A11<=79, 3,IF(A11<=89, 6, 9))) -> 0 | F11: Áno | H11: =IF(ISBLANK(B11),0, G11*E11+IF(F11="Áno", IF(B11="v1", door_frame_sale, door_frame), 0)) -> 0
E12: =IFERROR(VLOOKUP(B12, cena_dvere!A:B, 2, FALSE), 0)+IF(A12<=69, 0,IF(A12<=79, 3,IF(A12<=89, 6, 9))) -> 0 | F12: Áno | H12: =IF(ISBLANK(B12),0, G12*E12+IF(F12="Áno", IF(B12="v1", door_frame_sale, door_frame), 0)) -> 0
E13: =IFERROR(VLOOKUP(B13, cena_dvere!A:B, 2, FALSE), 0)+IF(A13<=69, 0,IF(A13<=79, 3,IF(A13<=89, 6, 9))) -> 0 | F13: Áno | H13: =IF(ISBLANK(B13),0, G13*E13+IF(F13="Áno", IF(B13="v1", door_frame_sale, door_frame), 0)) -> 0
E14: =IFERROR(VLOOKUP(B14, cena_dvere!A:B, 2, FALSE), 0)+IF(A14<=69, 0,IF(A14<=79, 3,IF(A14<=89, 6, 9))) -> 0 | F14: Áno | H14: =IF(ISBLANK(B14),0, G14*E14+IF(F14="Áno", IF(B14="v1", door_frame_sale, door_frame), 0)) -> 0
E15: =IFERROR(VLOOKUP(B15, cena_dvere!A:B, 2, FALSE), 0)+IF(A15<=69, 0,IF(A15<=79, 3,IF(A15<=89, 6, 9))) -> 0 | F15: Áno | H15: =IF(ISBLANK(B15),0, G15*E15+IF(F15="Áno", IF(B15="v1", door_frame_sale, door_frame), 0)) -> 0
A17: KĽUČKY nájdete na kluckynadvere.sk | F17: CENA / KS | G17: KS | H17: CENA BEZ DPH
H18: =G18*F18 -> 0
A19: Rozeta - BB štandardný interiérový zámok | F19: 0 | H19: =G19*F19 -> 0
A20: Rozeta - WC zámok | F20: 11 | H20: =G20*F20 -> 0
A21: Rozeta - FAB zámok | F21: 0 | H21: =G21*F21 -> 0
H22: =G22*F22 -> 0
A23: Montáž kľučiek a roziet 5€ | F23: 5 | H23: =G23*F23 -> 0
A25: DOVOZ | F25: MESTO | G25: KS | H25: CENA BEZ DPH
A26: Okresné mesto. Cena prepravy je 0,5 € za km. Preprava sa počíta od výroby v obci Čachtice. | H26: =G26
A27: Ulica
A28: Číslo domu
A29: Obec
A30: PSČ
A32: MONTÁŽ | G32: KS | H32: CENA BEZ DPH
A33: Akciová montáž dverí so zárubňou 35 € / kus. Akcia platí pri počte 6 a viac kusov. Minimálna suma na dvoch montážnikov je 210 €. | H33: =IF(G33>0,MAX(G33*assembly,assembly_min),0) -> 0
A35: ŠPECIÁLNE DOPLNKY | F35: CENA / KS | G35: KS | H35: CENA BEZ DPH
A36: Farebné krytky na pánty | F36: 12 | H36: =F36*G36 -> 0
A37: Farebné magnetické zámky | F37: 15 | H37: =F37*G37 -> 0
A38: Mušle na posuvné dvere | F38: 15 | H38: =F38*G38 -> 0
A39: Farebné skryté kovanie | H39: =F39*G39 -> 0
A40: Náprstník na posuvné dvere | F40: 10 | H40: =F40*G40 -> 0
A41: Príplatok za striekanie | H41: =F41*G41 -> 0
A42: Príplatok za dyhu | H42: =F42*G42 -> 0
A43: Príplatok za sklo | H43: =F43*G43 -> 0
A44: Vetracie mriežky do dverí | F44: 40 | H44: =F44*G44 -> 0
H45: =F45*G45 -> 0
A47: MOŽNÉ PRÍPLATKY | F47: CENA / KS | G47: KS | H47: CENA BEZ DPH
A48: Výplň dutinková drevotrieska: PLNÉ HLADKÉ dvere môžu byť vyplnené papierovou voštinou alebo dutinkovou drevotrieskou za príplatok 30 €. Voština je papierová vrstva, dutinková drevotrieska je z drevenej štiepky. Dutinkovú drevotriesku odporúčame do dverí V1, ale môžu ísť do všetkých dverí z kategórie Vanesa, Petra, Gréta a Barbora. Dutinková drevotrieska je tažšia, pevnejšia a izolačnejšia. | F48: 30 | H48: =F48*G48 -> 0
A49: Silikónové tesnenie do zárubne 10 €/kus: Do zárubne vyfrézujeme drážku a do nej sa vsunie silikónové tesnenie. To má výhodu, že pri zatváraní sú dvere tichšie a keď sú zatvorené, tak silikónové tesnenie eliminuje zvuk zo susednej miestnosti. | F49: 10 | H49: =F49*G49 -> 0
A50: Vytmelenie nerovností medzi stenou a zárubňou 6 €/kus: Pri osadení zárubne môže pri krivých stenách vzniknúť medzera medzi stenou a zárubňou. Túto medzeru vieme vyplniť akrylovým silikónom. Vzhľadom na elasticitu silikónu sa dajú vymeniť iba medzery do 0,5 cm. | F50: =6*0.7 -> 4.2 | H50: =F50*G50 -> 0
A51: Vynášanie na 3. a vyššie poschodie bez výťahu: Za vynášanie na 3. a vyššie poschodie bez výťahu sa účtuje príplatok za vynesenie dverí, zárubní, materiálu a náradia 100 €. | F51: 100 | H51: =F51*G51 -> 0
A52: Príplatok za steny hrubšie ako 20 cm 12 €/extra 10 cm: Ak sú steny hrubšie ako 20 cm, tak sa účtuje príplatok za extra materiál 12 € za každých extra 10 cm. | F52: 12 | H52: =F52*G52 -> 0
A53: Príplatok za dvere vyššie ako 207 cm 20 €/kus: Dvere s výškou 207 cm až 240 sm sú s príplatkom 20 €/kus za drahší materiál. Nie všetky materiály sa dajú dodať vo výške nad 207 cm. | F53: 20 | H53: =F53*G53 -> 0
A54: Obklad pôvodných oceľových zárubní 25 €/kus: Ak sa jedná o obklad pôvodných oveľových zárubní, tak sa účtuje príplatok 25€. Treba ale brať do úvahy, že pri obkladoch pôvodných zárubní sa stavebný otvor zúži o cca 3,5 cm z každej strany. To znamená cca 3,5 cm z hora a cca 7 cm zo šírky. | F54: 25 | H54: =F54*G54 -> 0
A55: Príplatok za zarezávanie obložiek 15 €/kus: Obložky sa pri montáži zarezávajú, ak sú nesprávne riešené stavebné otvory. Napríklad ak sú schody medzi miestnosťami viac ako 5 mm, ďalej ak nie sú úchyty na stenách na zárubnu a musí sa z obložky zrezávať, alebo ak je obklad v kúpelňi / WC do výšky menej ako je výška dverí a treva z obložky odfrézovať drážku. | F55: 15 | H55: =F55*G55 -> 0
H56: =F56*G56 -> 0
A58: ŠPECIÁLNE PRÍPLATKY | F58: MONTÁŽ | G58: KS | H58: CENA BEZ DPH
A59: Cena zárubne na dvojkrídlové dvere 103 €. Montáž + 25 €. | F59: Áno | H59: =G59*(103+IF(F59="Áno",25,0)) -> 0
A60: Posuvné dvere - kovanie Garniža 150 €. Montáž + 25 €. | F60: Áno | H60: =G60*(150+IF(F60="Áno",25,0)) -> 0
A61: Posuvné dvere - kovanie Minima 250€. Montáž + 25 €. | F61: Áno | H61: =G61*(250+IF(F61="Áno",25,0)) -> 0
A62: Posuvné dvere - kovanie do vstavaného púzdra 0 €. Zárubeň na vstavané púzdro 150 €. Montáž + 25 €. | F62: Áno | H62: =G62*(150+IF(F62="Áno",25,0)) -> 0
A63: Príplatok za skryté pánty dvere 130 €. Montáž + 25 €. | F63: Áno | H63: =G63*(130+IF(F63="Áno",25,0)) -> 0
A64: Príplatok za reverzné dvere 265 €. Montáž + 25 €. | F64: Áno | H64: =G64*(265+IF(F64="Áno",25,0)) -> 0
A65: Dvojkrídlové bezfalcové dvere so zárubňou a montážou 285 €. Montáž + 25 €. | F65: Áno | H65: =G65*(285+IF(F65="Áno",25,0)) -> 0
A66: Príplatok za dvojkrídlové posuvné dvere garniža 250 €. Montáž + 50 €. | F66: Áno | H66: =G66*(250+IF(F66="Áno",50,0)) -> 0
A67: Príplatok za dvojkrídlové posuvné dvere Minima 350 €. Montáž + 50 €. | F67: Áno | H67: =G67*(350+IF(F67="Áno",50,0)) -> 0
A68: Príplatok za dvojkrídlové posuvné dvere do púzdra 0 €. Zárubeň na dvojkrídlové dvere do púzdra 180 €. Montáž + 25 €. | F68: Áno | H68: =G68*(180+IF(F68="Áno",25,0)) -> 0
A69: Posuvné kovanie - Barn 1 čierne 150 €. Montáž + 25 €. | F69: Áno | H69: =G69*(150+IF(F69="Áno",25,0)) -> 0
A70: Posuvné kovanie - Minima čierne 290 €. Montáž + 25 €. | F70: Áno | H70: =G70*(290+IF(F70="Áno",25,0)) -> 0
A71: Dvere do púzdra so zárubňou 57 €. Montáž + 25 €. | F71: Áno | H71: =G71*(57+IF(F71="Áno",25,0)) -> 0
A72: Dvere do púzdra bez zárubne 0 €. Montáž + 25 €. | F72: Áno | H72: =G72*(0+IF(F72="Áno",25,0)) -> 0
A73: Dvojkrídlové dvere do púzdra 87 €. Montáž + 25 €. | F73: Áno | H73: =G73*(87+IF(F73="Áno",25,0)) -> 0
A74: Zalamovacie interiérové dvere 220 €. Montáž + 50 €. | F74: Áno | H74: =G74*(220+IF(F74="Áno",50,0)) -> 0
A75: Posuvné kovanie - neviditeľné 490 €. Montáž + 50 €. | F75: Áno | H75: =G75*(490+IF(F75="Áno",50,0)) -> 0
A76: Posuvné kovanie - Barn 4 čierne 210 €. Montáž + 25 €. | F76: Áno | H76: =G76*(210+IF(F76="Áno",25,0)) -> 0
A77: Posuvné kovanie - Barn 3 čierne 190 €. Montáž + 25 €. | F77: Áno | H77: =G77*(190+IF(F77="Áno",25,0)) -> 0
A78: Posuvné kovanie - Barn 2 čierne 180 €. Montáž + 25 €. | F78: Áno | H78: =G78*(180+IF(F78="Áno",25,0)) -> 0
A81: CENA SPOLU BEZ DPH | H81: =SUM(H1:H79) -> 0
A82: CENA SPOLU S DPH | H82: =(H81*0.23)+H81 -> 0
A84: ZMLUVNÉ PODMIENKY
A85: INTERIÉROVÉ DVERE: Dvere sú certifikované ako interiérové. To znamená, že sú určené do vnútorného prostredia, ktoré je z oboch strán dverí rovnaké. V prípade, že je z jednej strany zaťažené veľkou vlhkosťou, môže dôjsť k ich prehnutiu. Dvere sú vyrobené v zmysle normy STN 74 64/01, STN 74 01/Z1, STN 74 01/Z2.
A86: BIELE STRIEKANÉ DVERE: Pri bielych striekaných výrobkoch bol zákazník oboznámený s tým, že striekanie v našej firme je ručná práca, nie je to striekanie vo vákuovej miestnosti, preto sa na výrobku môže vyskytnúť drobná vada.
A87: BIELE LAMINÁTOVÉ DVERE: Biely laminát nie je materiál, ktorý by bol do hĺbky biely. Biely dekor je len na povrchu. Z toho dôvodu pri tomto dekore vznikajú na všetkých hranách priznané spoje, ktoré sú vidno.
A88: POSUVNÉ DVERE: Tieto dvere slúžia na predelenie priestoru. Kvôli funkčnosti dverí nevyhnutne vzniká medzi zárubňou a dverami medzera.
A89: DYHOVANÉ DVERE: Pri dyhovaných dverách bol zákazník oboznámený s tým, že dyha je prírodný materiál. V rámci jednej dreviny sa vyskytuje viac odtieňov.
A90: LAMINÁTOVE DVERE: Pri laminovaných dverách je odtieň zaručený výrobcom. Laminátové dosky sú triedené podľa podnikovej normy, ktorá dovoľuje výskyt nečistôt v rozsahu: 2 mm2/1m2. Norma dovoľuje 2-3 ks bodiek na doske. Jednotnosť lamina je daná celou doskou dodávanou výrobcom. To namená jednotný diel, ktorý je na výrobu použitý, je v rámci jednej dosky.
A91: MONTÁŽ: Cena montáže dverí a zárubní zahíňa montáž bez ďalších úprav vykonaných na výrobku (zárubne a dvere) ako boli privezené na montáž. Štandardná šírka obložky je 6,5 cm. Pokiaľ sú steny a podlahy nerovné a objednávateľ si ich nevyrovná, pod obložkou nevyhnutne zostanú špáry. Výrobca nezodpovedá za nerovnosti podlahy a stien. To znamená, že pokiaľ nie sú steny rovné, pod obkladom môže vzniknúť špára, ktorá kopíruje nerovnost steny a podlahy. Špáry okolo steny je možné vyspraviť vytmelením. Tmelí sa špára maximálne 5 mm široká, vāčšie špáry si musí zákazník vyspraviť sám. Úprava za vytmelenie nerovností okolo zárubní je samostatne započítaná v cene 6 € za 1 kus. Tmelenie okolo zárubní je možné zrušiť. V opačnom prípade je nutné, aby si dal stenu zákazník vyrovnať. Murárske práce nevykonávame. V prípade vŕtania do steny, prípadne podlahy, môže dôjsť k poškodeniu omietky alebo dlažby. Nakoľko nevieme posúdiť či sa vo vnútri nenachádza dutina, za uvedené poškodenie nepreberáme zodpovednosť. Pri montáži dverí do neštandardných stavebných otvorov, kde musia montážni pracovníci vykonať úpravy na mieste montáže elektrickým ručným náradím, nie je možné, aby kvalita opracovania touto metódou dosahovala kvality dielenskej výroby. Pokiaľ sa bude musieť upravovať na mieste hobľovaním alebo zrezávaním, musí mať zákazník priestor v byte na uvedené úpravy. Účtujeme príplatok 15 € za 1 kus. Dvere montujeme do pripravených otvorov tak, ako sa dohodlo pri zameraní. Pokiaľ si zákazník pridá pod dvere prechodové lišty, koberec, plávajúcu podlahu, teda zmení výšku pod dverami a bude nevyhnutná úprava dverí, túto mu vykonáme na základe samostatnej objednávky, teda nie je súčasťou dodávky dverí.
A92: DVERE NA MIERU: Znamená atypický rozmer a nie krivosť stien. V prípade, že nie je rovná podlaha (nie je vodorovná) musí sa jedna strana podložiť a vznikne zospodu zárubne špára. Štandardný stavebný otvor je taký, ktorý má pravideľnú hrúbku múru, zo všetkých strán rovnakú. V prípade zamerania, ak nie sú položené podlahy a pri realizácií vzniknú výškové rozdiely, za tieto si nesie zodpovednosť zákazník. Pokiaľ je nutné vykonať rôzne dorezy, na už jestnujúcom zariadení bytu, napr. prechodové, okopové, soklové lišty, podlahy, parkety, skrine, treba si tieto úkony dohodnúť samostatne, na základe individuálne nastavenej ceny. Uvedené práce nie sú súčasťou dodávky. Obložky a zasklievacie lišty upevňujeme pinkami s hrúbkou 0,6 mm, ktoré sú viditeľné pri všetkých lištovaných dverách. Zasklievacie lišty majú z jednej strany viditeľné spoje.
A93: OBKLAD KOVOVÝCH ZÁRUBNÍ: Pri obklade kovovej zárubne alebo pri iných atypických obloženiach stien, kde štandardná obložka neprekrýva stavebný otvor a musí sa vyrobiť širšia, je príplatok 25€ za 1 kus. Tento príplatok sa dopočíta po obhliadke, nakoľko pri predbežnej ponuke sme to nemuseli vedieť. V prípade demontáže oceľovej zárubne sa z dôvodu ručnej práce môže vyskytnúť, že sa poškodí omietka alebo náter.
A94: PARKOVANIE: V prípade že nebude zabezpečené bezproblémové parkovanie a vynášanie pri vchode, účtuje sa príplatok 100 €.
A95: OPTICKÉ VADY: Za optickú vadu sa považuje vada viditeľná za denného svetla zo vzdialenosti 1 meter pod uhlom, ktorý zodpovedá bežnému využitiu.
... A100: Odberateľ si všetko prečítal, súhlasí s otváravosťou a nameranými otvormi, všetko si prekontroloval a prekonzultoval všetky nejasnosti so zameriavajúcim. Je si vedomý, že nemôže chcief prácu nad rámec bez nároku na odmenu. Prácu naviac radi vykonáme, ale žiadame, aby bola zahrnutá v objednávke a uhradená.

Sheet cena_dvere
A1: Code | B1: Price | D1: Assembly | E1: 35
A2: B1 | B2: 169 | D2: Assembly min | E2: 210
A3: B2 | B3: 169 | D3: Door frame | E3: 99
A4: B3 | B4: 169 | D4: Door frame sale | E4: 80
A5: B4 | B5: 169
A6: B5 | B6: 179
A7: B6 | B7: 219
A8: B7 | B8: 179
A9: B8 | B9: 179
A10: B9 | B10: 169
A11: B10 | B11: 169
A12: B11 | B12: 149
A13: B12 | B13: 169
A14: B13 | B14: 159
A15: B14 | B15: 159
A16: B15 | B16: 149
... A140: W3_L2_K2_O2_S | B140: 1119
